driver,dr_nationality,dr_url
Nino Farina,Italian,http://en.wikipedia.org/wiki/Nino_Farina
Juan Fangio,Argentine,http://en.wikipedia.org/wiki/Juan_Manuel_Fangio
Luigi Fagioli,Italian,http://en.wikipedia.org/wiki/Luigi_Fagioli
Louis Rosier,French,http://en.wikipedia.org/wiki/Louis_Rosier
Alberto Ascari,Italian,http://en.wikipedia.org/wiki/Alberto_Ascari
Johnnie Parsons,American,http://en.wikipedia.org/wiki/Johnnie_Parsons
Bill Holland,American,http://en.wikipedia.org/wiki/Bill_Holland
Prince Bira,Thai,http://en.wikipedia.org/wiki/Prince_Bira
Peter Whitehead,British,http://en.wikipedia.org/wiki/Peter_Whitehead_(racing_driver)
Louis Chiron,Monegasque,http://en.wikipedia.org/wiki/Louis_Chiron
Reg Parnell,British,http://en.wikipedia.org/wiki/Reg_Parnell
Mauri Rose,American,http://en.wikipedia.org/wiki/Mauri_Rose
Dorino Serafini,Italian,http://en.wikipedia.org/wiki/Dorino_Serafini
Yves Cabantous,French,http://en.wikipedia.org/wiki/Yves_Giraud_Cabantous
Raymond Sommer,French,http://en.wikipedia.org/wiki/Raymond_Sommer
Robert Manzon,French,http://en.wikipedia.org/wiki/Robert_Manzon
Cecil Green,American,http://en.wikipedia.org/wiki/Cecil_Green
Philippe Étancelin,French,http://en.wikipedia.org/wiki/Philippe_%C3%89tancelin
Felice Bonetto,Italian,http://en.wikipedia.org/wiki/Felice_Bonetto
Eugène Chaboud,French,http://en.wikipedia.org/wiki/Eug%C3%A8ne_Chaboud
Tony Bettenhausen,American,http://en.wikipedia.org/wiki/Tony_Bettenhausen
Joie Chitwood,American,http://en.wikipedia.org/wiki/Joie_Chitwood
Toulo de Graffenried,Swiss,http://en.wikipedia.org/wiki/Toulo_de_Graffenried
Bob Gerard,British,http://en.wikipedia.org/wiki/Bob_Gerard
Luigi Villoresi,Italian,http://en.wikipedia.org/wiki/Luigi_Villoresi
Charles Pozzi,French,http://en.wikipedia.org/wiki/Charles_Pozzi
Lee Wallard,American,http://en.wikipedia.org/wiki/Lee_Wallard
Johnny Claes,Belgian,http://en.wikipedia.org/wiki/Johnny_Claes
Pierre Levegh,French,http://en.wikipedia.org/wiki/Pierre_Levegh
Cuth Harrison,British,http://en.wikipedia.org/wiki/Cuth_Harrison
Walt Faulkner,American,http://en.wikipedia.org/wiki/Walt_Faulkner
Nello Pagani,Italian,http://en.wikipedia.org/wiki/Nello_Pagani
Harry Schell,American,http://en.wikipedia.org/wiki/Harry_Schell
George Connor,American,http://en.wikipedia.org/wiki/George_Connor_(driver)
Geoff Crossley,British,http://en.wikipedia.org/wiki/Geoff_Crossley
David Hampshire,British,http://en.wikipedia.org/wiki/David_Hampshire
Paul Russo,American,http://en.wikipedia.org/wiki/Paul_Russo
Toni Branca,Swiss,http://en.wikipedia.org/wiki/Toni_Branca
Pat Flaherty,American,http://en.wikipedia.org/wiki/Pat_Flaherty_(racing_driver)
Joe Fry,British,http://en.wikipedia.org/wiki/Joe_Fry
Brian Shawe Taylor,British,http://en.wikipedia.org/wiki/Brian_Shawe_Taylor
Myron Fohr,American,http://en.wikipedia.org/wiki/Myron_Fohr
Duane Carter,American,http://en.wikipedia.org/wiki/Duane_Carter
Mack Hellings,American,http://en.wikipedia.org/wiki/Mack_Hellings
Jack McGrath,American,http://en.wikipedia.org/wiki/Jack_McGrath_(racing_driver)
Troy Ruttman,American,http://en.wikipedia.org/wiki/Troy_Ruttman
Gene Hartley,American,http://en.wikipedia.org/wiki/Gene_Hartley
Jimmy Davies,American,http://en.wikipedia.org/wiki/Jimmy_Davies
Johnny McDowell,American,http://en.wikipedia.org/wiki/Johnny_McDowell
Walt Brown,American,http://en.wikipedia.org/wiki/Walt_Brown_(auto_racer)
Travis Webb,American,http://en.wikipedia.org/wiki/Travis_Webb
Jerry Hoyt,American,http://en.wikipedia.org/wiki/Jerry_Hoyt
Walt Ader,American,http://en.wikipedia.org/wiki/Walt_Ader
Jackie Holmes,American,http://en.wikipedia.org/wiki/Jackie_Holmes
Jim Rathmann,American,http://en.wikipedia.org/wiki/Jim_Rathmann
David Murray,British,http://en.wikipedia.org/wiki/David_Murray_(driver)
José Froilán González,Argentine,http://en.wikipedia.org/wiki/Jos%C3%A9_Froil%C3%A1n_Gonz%C3%A1lez
Guy Mairesse,French,http://en.wikipedia.org/wiki/Guy_Mairesse
Franco Rol,Italian,http://en.wikipedia.org/wiki/Franco_Rol
Joe Kelly,Irish,http://en.wikipedia.org/wiki/Joe_Kelly_(Formula_One)
Piero Taruffi,Italian,http://en.wikipedia.org/wiki/Piero_Taruffi
Eugène Martin,French,http://en.wikipedia.org/wiki/Eug%C3%A8ne_Martin
Maurice Trintignant,French,http://en.wikipedia.org/wiki/Maurice_Trintignant
Clemente Biondetti,Italian,http://en.wikipedia.org/wiki/Clemente_Biondetti
Henri Louveau,French,http://en.wikipedia.org/wiki/Henri_Louveau
Franco Comotti,Italian,http://en.wikipedia.org/wiki/Franco_Comotti
Tony Rolt,British,http://en.wikipedia.org/wiki/Tony_Rolt
Peter Walker,British,http://en.wikipedia.org/wiki/Peter_Walker_(driver)
Leslie Johnson,British,http://en.wikipedia.org/wiki/Leslie_Johnson_(racing_driver)
Alfredo Pián,Argentine,http://en.wikipedia.org/wiki/Alfredo_Pi%C3%A0n
Consalvo Sanesi,Italian,http://en.wikipedia.org/wiki/Consalvo_Sanesi
Paul Pietsch,German,http://en.wikipedia.org/wiki/Paul_Pietsch
Bill Schindler,American,http://en.wikipedia.org/wiki/Bill_Schindler
Bill Cantrell,American,http://en.wikipedia.org/wiki/William_Cantrell
Bayliss Levrett,American,http://en.wikipedia.org/wiki/Bayliss_Levrett
Fred Agabashian,American,http://en.wikipedia.org/wiki/Fred_Agabashian
Jimmy Jackson,American,http://en.wikipedia.org/wiki/Jimmy_Jackson_(driver)
Sam Hanks,American,http://en.wikipedia.org/wiki/Sam_Hanks
Dick Rathmann,American,http://en.wikipedia.org/wiki/Dick_Rathmann
Duke Dinsmore,American,http://en.wikipedia.org/wiki/Duke_Dinsmore
Henry Banks,American,http://en.wikipedia.org/wiki/Henry_Banks
Mike Nazaruk,American,http://en.wikipedia.org/wiki/Mike_Nazaruk
Andy Linden,American,http://en.wikipedia.org/wiki/Andy_Linden_(racing_driver)
Bobby Ball,American,http://en.wikipedia.org/wiki/Bobby_Ball_(auto_racer)
Manny Ayulo,American,http://en.wikipedia.org/wiki/Manny_Ayulo
Rudi Fischer,Swiss,http://en.wikipedia.org/wiki/Rudi_Fischer
André Simon,French,http://en.wikipedia.org/wiki/Andr%C3%A9_Simon_(racing_driver)
André Pilette,Belgian,http://en.wikipedia.org/wiki/Andr%C3%A9_Pilette
Carl Forberg,American,http://en.wikipedia.org/wiki/Carl_Forberg
Stirling Moss,British,http://en.wikipedia.org/wiki/Stirling_Moss
Jacques Swaters,American,http://en.wikipedia.org/wiki/Jacques_Swaters
Paco Godia,Spanish,http://en.wikipedia.org/wiki/Paco_Godia
Duncan Hamilton,British,http://en.wikipedia.org/wiki/Duncan_Hamilton_(racing_driver)
Duke Nalon,American,http://en.wikipedia.org/wiki/Duke_Nalon
Gene Force,American,http://en.wikipedia.org/wiki/Gene_Force
Aldo Gordini,French,http://en.wikipedia.org/wiki/Aldo_Gordini
Georges Grignard,French,http://en.wikipedia.org/wiki/Georges_Grignard
George Abecassis,British,http://en.wikipedia.org/wiki/George_Abecassis
Philip Fotheringham-Parker,British,http://en.wikipedia.org/wiki/Philip_Fotheringham-Parker
Carl Scarborough,American,http://en.wikipedia.org/wiki/Carl_Scarborough
Bill Mackey,American,http://en.wikipedia.org/wiki/Bill_Mackey
John James,British,http://en.wikipedia.org/wiki/John_James_(auto_racer)
Juan Jover,Spanish,http://en.wikipedia.org/wiki/Juan_Jover
Chico Landi,Brazilian,http://en.wikipedia.org/wiki/Chico_Landi
Chuck Stevenson,American,http://en.wikipedia.org/wiki/Chuck_Stevenson
Peter Hirt,Swiss,http://en.wikipedia.org/wiki/Peter_Hirt
Onofre Marimón,Argentine,http://en.wikipedia.org/wiki/Onofre_Marim%C3%B3n
Ken Richardson,British,http://en.wikipedia.org/wiki/Ken_Richardson_(race_car_driver)
Chet Miller,American,http://en.wikipedia.org/wiki/Chet_Miller
Rodger Ward,American,http://en.wikipedia.org/wiki/Rodger_Ward
Cliff Griffith,American,http://en.wikipedia.org/wiki/Cliff_Griffith
Bill Vukovich,American,http://en.wikipedia.org/wiki/Bill_Vukovich
Joe James,American,http://en.wikipedia.org/wiki/Joe_James_(racing_driver)
Mike Hawthorn,British,http://en.wikipedia.org/wiki/Mike_Hawthorn
Jean Behra,French,http://en.wikipedia.org/wiki/Jean_Behra
Ken Wharton,British,http://en.wikipedia.org/wiki/Ken_Wharton
Dennis Poore,British,http://en.wikipedia.org/wiki/Dennis_Poore
Alan Brown,British,http://en.wikipedia.org/wiki/Alan_Brown_(racing_driver)
Paul Frère,Belgian,http://en.wikipedia.org/wiki/Paul_Fr%C3%A8re
Art Cross,American,http://en.wikipedia.org/wiki/Art_Cross
Eric Thompson,British,http://en.wikipedia.org/wiki/Eric_Thompson_(racing_driver)
Roger Laurent,Belgian,http://en.wikipedia.org/wiki/Roger_Laurent
Peter Collins,British,http://en.wikipedia.org/wiki/Peter_Collins_(racing_driver)
Jimmy Bryan,American,http://en.wikipedia.org/wiki/Jimmy_Bryan
Charles de Tornaco,Belgian,http://en.wikipedia.org/wiki/Charles_de_Tornaco
Jimmy Reece,American,http://en.wikipedia.org/wiki/Jimmy_Reece
Fritz Riess,German,http://en.wikipedia.org/wiki/Fritz_Riess
Lance Macklin,British,http://en.wikipedia.org/wiki/Lance_Macklin
Eric Brandon,British,http://en.wikipedia.org/wiki/Eric_Brandon
Toni Ulmen,German,http://en.wikipedia.org/wiki/Toni_Ulmen
Roy Salvadori,British,http://en.wikipedia.org/wiki/Roy_Salvadori
Ken Downing,British,http://en.wikipedia.org/wiki/Ken_Downing
Jan Flinterman,Dutch,http://en.wikipedia.org/wiki/Jan_Flinterman
Helmut Niedermayr,German,http://en.wikipedia.org/wiki/Helmut_Niedermayr
Eitel Cantoni,Uruguayan,http://en.wikipedia.org/wiki/Eitel_Cantoni
Hans Klenk,German,http://en.wikipedia.org/wiki/Hans_Klenk
Ernst Klodwig,East German,http://en.wikipedia.org/wiki/Ernst_Klodwig
Jim Rigsby,American,http://en.wikipedia.org/wiki/Jim_Rigsby
Graham Whitehead,British,http://en.wikipedia.org/wiki/Graham_Whitehead
Arthur Legat,Belgian,http://en.wikipedia.org/wiki/Arthur_Legat
Robert O'Brien,American,http://en.wikipedia.org/wiki/Robert_O%27Brien_(auto_racer)
Tony Gaze,Australian,http://en.wikipedia.org/wiki/Tony_Gaze
George Fonder,American,http://en.wikipedia.org/wiki/George_Fonder
Kenneth McAlpine,British,http://en.wikipedia.org/wiki/Kenneth_McAlpine
Eddie Johnson,American,http://en.wikipedia.org/wiki/Eddie_Johnson_(auto_racer)
Gino Bianco,Brazilian,http://en.wikipedia.org/wiki/Gino_Bianco
Tony Crook,British,http://en.wikipedia.org/wiki/Tony_Crook
Dries van der Lof,Dutch,http://en.wikipedia.org/wiki/Dries_van_der_Lof
Willi Heeks,German,http://en.wikipedia.org/wiki/Willi_Heeks
Adolf Brudes,German,http://en.wikipedia.org/wiki/Adolf_Brudes
Robin Montgomerie-Charrington,British,http://en.wikipedia.org/wiki/Robin_Montgomerie-Charrington
Marcel Balsa,French,http://en.wikipedia.org/wiki/Marcel_Balsa
Hans von Stuck,German,http://en.wikipedia.org/wiki/Hans_Von_Stuck
Günther Bechem,German,http://en.wikipedia.org/wiki/G%C3%BCnther_Bechem
Piero Carini,Italian,http://en.wikipedia.org/wiki/Piero_Carini
Rudolf Krause,East German,http://en.wikipedia.org/wiki/Rudolf_Krause
Max de Terra,Swiss,http://en.wikipedia.org/wiki/Max_de_Terra
Rudolf Schoeller,Swiss,http://en.wikipedia.org/wiki/Rudolf_Schoeller
Bill Aston,British,http://en.wikipedia.org/wiki/Bill_Aston
Élie Bayol,French,http://en.wikipedia.org/wiki/%C3%89lie_Bayol
Alberto Crespo,Argentine,http://en.wikipedia.org/wiki/Alberto_Crespo
Bob Sweikert,American,http://en.wikipedia.org/wiki/Bob_Sweikert
Theo Helfrich,German,http://en.wikipedia.org/wiki/Theo_Helfrich
Josef Peters,German,http://en.wikipedia.org/wiki/Josef_Peters_(driver)
Bob Scott,American,http://en.wikipedia.org/wiki/Bob_Scott_(auto_racer)
Piero Dusio,Italian,http://en.wikipedia.org/wiki/Piero_Dusio
Oscar Gálvez,Argentine,http://en.wikipedia.org/wiki/%C3%93scar_Alfredo_G%C3%A1lvez
Hermann Lang,German,http://en.wikipedia.org/wiki/Hermann_Lang
Roberto Mieres,Argentine,http://en.wikipedia.org/wiki/Roberto_Mieres
Jimmy Daywalt,American,http://en.wikipedia.org/wiki/Jimmy_Daywalt
Sergio Mantovani,Italian,http://en.wikipedia.org/wiki/Sergio_Mantovani
Luigi Musso,Italian,http://en.wikipedia.org/wiki/Luigi_Musso
John Barber,British,http://en.wikipedia.org/wiki/John_Barber_(racing_driver)
Umberto Maglioli,Italian,http://en.wikipedia.org/wiki/Umberto_Maglioli
Ernie McCoy,American,http://en.wikipedia.org/wiki/Ernie_McCoy
Hans Herrmann,German,http://en.wikipedia.org/wiki/Hans_Herrmann
Albert Scherrer,Swiss,http://en.wikipedia.org/wiki/Albert_Scherrer
Fred Wacker,American,http://en.wikipedia.org/wiki/Fred_Wacker
Rodney Nuckey,British,http://en.wikipedia.org/wiki/Rodney_Nuckey
Wolfgang Seidel,German,http://en.wikipedia.org/wiki/Wolfgang_Seidel
Johnny Mantz,American,http://en.wikipedia.org/wiki/Johnny_Mantz
Jimmy Stewart,British,http://en.wikipedia.org/wiki/Jimmy_Stewart_(racing_driver)
Carlos Menditeguy,Argentine,http://en.wikipedia.org/wiki/Carlos_Menditeguy
Pablo Birger,Argentine,http://en.wikipedia.org/wiki/Pablo_Birger
Adolfo Cruz,Argentine,http://en.wikipedia.org/wiki/Adolfo_Schewelm_Cruz
Jack Fairman,British,http://en.wikipedia.org/wiki/Jack_Fairman
Marshall Teague,American,http://en.wikipedia.org/wiki/Marshall_Teague
Johnny Thomson,American,http://en.wikipedia.org/wiki/Johnny_Thomson
Georges Berger,Belgian,http://en.wikipedia.org/wiki/Georges_Berger
Edgar Barth,German,http://en.wikipedia.org/wiki/Edgar_Barth
Oswald Karch,German,http://en.wikipedia.org/wiki/Oswald_Karch
Ian Stewart,British,http://en.wikipedia.org/wiki/Ian_Stewart_(racing_driver)
Theo Fitzau,East German,http://en.wikipedia.org/wiki/Theo_Fitzau
Don Freeland,American,http://en.wikipedia.org/wiki/Don_Freeland
Kurt Adolff,German,http://en.wikipedia.org/wiki/Kurt_Adolff
John Fitch,American,http://en.wikipedia.org/wiki/John_Fitch_(driver)
Cal Niday,American,http://en.wikipedia.org/wiki/Cal_Niday
Erwin Bauer,German,http://en.wikipedia.org/wiki/Erwin_Bauer
Ernst Loof,German,http://en.wikipedia.org/wiki/Ernst_Loof
Karl Kling,German,http://en.wikipedia.org/wiki/Karl_Kling
Larry Crockett,American,http://en.wikipedia.org/wiki/Larry_Crockett
Jorge Daponte,Argentine,http://en.wikipedia.org/wiki/Jorge_Daponte
Don Beauman,British,http://en.wikipedia.org/wiki/Don_Beauman
Leslie Marr,British,http://en.wikipedia.org/wiki/Leslie_Marr
Leslie Thorne,British,http://en.wikipedia.org/wiki/Leslie_Thorne
Horace Gould,British,http://en.wikipedia.org/wiki/Horace_Gould
Ed Elisian,American,http://en.wikipedia.org/wiki/Ed_Elisian
Frank Armi,American,http://en.wikipedia.org/wiki/Frank_Armi
Ottorino Volonterio,Swiss,http://en.wikipedia.org/wiki/Ottorino_Volonterio
Clemar Bucci,Argentine,http://en.wikipedia.org/wiki/Clemar_Bucci
Jacques Pollet,French,http://en.wikipedia.org/wiki/Jacques_Pollet
Roger Loyer,French,http://en.wikipedia.org/wiki/Roger_Loyer
Bill Whitehouse,British,http://en.wikipedia.org/wiki/Bill_Whitehouse
Ron Flockhart,British,http://en.wikipedia.org/wiki/Ron_Flockhart_(auto_racing)
Giovanni de Riu,Italian,http://en.wikipedia.org/wiki/Giovanni_de_Riu
Pat O'Connor,American,http://en.wikipedia.org/wiki/Pat_O%27Connor_(auto_racer)
John Riseley-Prichard,British,http://en.wikipedia.org/wiki/John_Riseley-Prichard
Danny Kladis,American,http://en.wikipedia.org/wiki/Danny_Kladis
Len Duncan,American,http://en.wikipedia.org/wiki/Len_Duncan
Bill Homeier,American,http://en.wikipedia.org/wiki/Bill_Homeier
Eugenio Castellotti,Italian,http://en.wikipedia.org/wiki/Eugenio_Castellotti
Cesare Perdisa,Italian,http://en.wikipedia.org/wiki/Cesare_Perdisa
Al Herman,American,http://en.wikipedia.org/wiki/Al_Herman
Mike Sparken,French,http://en.wikipedia.org/wiki/Mike_Sparken
Hernando da Silva Ramos,Brazilian,http://en.wikipedia.org/wiki/Hernando_da_Silva_Ramos
Chuck Weyant,American,http://en.wikipedia.org/wiki/Chuck_Weyant
Jesús Iglesias,Argentine,http://en.wikipedia.org/wiki/Jes%C3%BAs_Iglesias
Jack Brabham,Australian,http://en.wikipedia.org/wiki/Jack_Brabham
Alberto Uria,Uruguayan,http://en.wikipedia.org/wiki/Alberto_Uria
Shorty Templeman,American,http://en.wikipedia.org/wiki/Shorty_Templeman
Jean Lucas,French,http://en.wikipedia.org/wiki/Jean_Lucas
Keith Andrews,American,http://en.wikipedia.org/wiki/Keith_Andrews_(driver)
Eddie Russo,American,http://en.wikipedia.org/wiki/Eddie_Russo
Ted Whiteaway,British,http://en.wikipedia.org/wiki/Ted_Whiteaway
Ray Crawford,American,http://en.wikipedia.org/wiki/Ray_Crawford
Luigi Piotti,Italian,http://en.wikipedia.org/wiki/Luigi_Piotti
Al Keller,American,http://en.wikipedia.org/wiki/Al_Keller
Johnny Boyd,American,http://en.wikipedia.org/wiki/Johnny_Boyd
Alfonso de Portago,Spanish,http://en.wikipedia.org/wiki/Alfonso_de_Portago
Olivier Gendebien,Belgian,http://en.wikipedia.org/wiki/Olivier_Gendebien
Gerino Gerini,Italian,http://en.wikipedia.org/wiki/Gerino_Gerini_(racing_driver)
Óscar González,Uruguayan,http://en.wikipedia.org/wiki/Oscar_Gonz%C3%A1lez_(racing_driver)
Bob Veith,American,http://en.wikipedia.org/wiki/Bob_Veith
Bob Christie,American,http://en.wikipedia.org/wiki/Bob_Christie_(racing_driver)
Billy Garrett,American,http://en.wikipedia.org/wiki/Billy_Garrett
André Milhoux,Belgian,http://en.wikipedia.org/wiki/Andr%C3%A9_Milhoux
Piero Scotti,Italian,http://en.wikipedia.org/wiki/Piero_Scotti
Desmond Titterington,British,http://en.wikipedia.org/wiki/Desmond_Titterington
Giorgio Scarlatti,Italian,http://en.wikipedia.org/wiki/Giorgio_Scarlatti
Bruce Halford,British,http://en.wikipedia.org/wiki/Bruce_Halford
Tony Brooks,British,http://en.wikipedia.org/wiki/Tony_Brooks
Jo Bonnier,Swedish,http://en.wikipedia.org/wiki/Joakim_Bonnier
Colin Chapman,British,http://en.wikipedia.org/wiki/Colin_Chapman
Johnnie Tolan,American,http://en.wikipedia.org/wiki/Johnnie_Tolan
Les Leston,British,http://en.wikipedia.org/wiki/Les_Leston
Archie Scott Brown,British,http://en.wikipedia.org/wiki/Archie_Scott_Brown
Paul Emery,British,http://en.wikipedia.org/wiki/Paul_Emery
Jack Turner,American,http://en.wikipedia.org/wiki/Jack_Turner_(driver)
Wolfgang von Trips,German,http://en.wikipedia.org/wiki/Wolfgang_Graf_Berghe_von_Trips
Masten Gregory,American,http://en.wikipedia.org/wiki/Masten_Gregory
Stuart Lewis-Evans,British,http://en.wikipedia.org/wiki/Stuart_Lewis-Evans
Mike MacDowel,British,http://en.wikipedia.org/wiki/Mike_MacDowel
Ivor Bueb,British,http://en.wikipedia.org/wiki/Ivor_Bueb
Alessandro de Tomaso,Argentine-Italian,http://en.wikipedia.org/wiki/Alessandro_de_Tomaso
Brian Naylor,British,http://en.wikipedia.org/wiki/Brian_Naylor
Carel Godin de Beaufort,Dutch,http://en.wikipedia.org/wiki/Carel_Godin_de_Beaufort
Tony Marsh,British,http://en.wikipedia.org/wiki/Tony_Marsh_(racing_driver)
Herbert MacKay-Fraser,American,http://en.wikipedia.org/wiki/Herbert_MacKay-Fraser
Don Edmunds,American,http://en.wikipedia.org/wiki/Don_Edmunds
Paul England,Australian,http://en.wikipedia.org/wiki/Paul_England
Dick Gibson,British,http://en.wikipedia.org/wiki/Dick_Gibson
Eddie Sachs,American,http://en.wikipedia.org/wiki/Eddie_Sachs
Mike Magill,American,http://en.wikipedia.org/wiki/Mike_Magill
Bill Cheesbourg,American,http://en.wikipedia.org/wiki/Bill_Cheesbourg
Elmer George,American,http://en.wikipedia.org/wiki/Elmer_George
Phil Hill,American,http://en.wikipedia.org/wiki/Phil_Hill
George Amick,American,http://en.wikipedia.org/wiki/George_Amick
Cliff Allison,British,http://en.wikipedia.org/wiki/Cliff_Allison
Carroll Shelby,American,http://en.wikipedia.org/wiki/Carroll_Shelby
Bruce McLaren,New Zealander,http://en.wikipedia.org/wiki/Bruce_McLaren
Graham Hill,British,http://en.wikipedia.org/wiki/Graham_Hill
Ian Burgess,British,http://en.wikipedia.org/wiki/Ian_Burgess
Jud Larson,American,http://en.wikipedia.org/wiki/Jud_Larson
Maria de Filippis,Italian,http://en.wikipedia.org/wiki/Maria_Teresa_de_Filippis
Robert La Caze,French,http://en.wikipedia.org/wiki/Robert_La_Caze
André Guelfi,French,http://en.wikipedia.org/wiki/Andr%C3%A9_Guelfi
Giulio Cabianca,Italian,http://en.wikipedia.org/wiki/Giulio_Cabianca
Dempsey Wilson,American,http://en.wikipedia.org/wiki/Dempsey_Wilson
Anthony Foyt,American,http://en.wikipedia.org/wiki/A.J._Foyt
Christian Goethals,Belgian,http://en.wikipedia.org/wiki/Christian_Goethals
Ken Kavanagh,Australian,http://en.wikipedia.org/wiki/Ken_Kavanagh
François Picard,French,http://en.wikipedia.org/wiki/Fran%C3%A7ois_Picard
Alan Stacey,British,http://en.wikipedia.org/wiki/Alan_Stacey
Tom Bridger,British,http://en.wikipedia.org/wiki/Tom_Bridger
Bruce Kessler,American,http://en.wikipedia.org/wiki/Bruce_Kessler
André Testut,Monegasque,http://en.wikipedia.org/wiki/Andr%C3%A9_Testut
Bernie Ecclestone,British,http://en.wikipedia.org/wiki/Bernie_Ecclestone
Luigi Taramazzo,Italian,http://en.wikipedia.org/wiki/Luigi_Taramazzo
Paul Goldsmith,American,http://en.wikipedia.org/wiki/Paul_Goldsmith
Jerry Unser,American,http://en.wikipedia.org/wiki/Jerry_Unser
Len Sutton,American,http://en.wikipedia.org/wiki/Len_Sutton
Art Bisch,American,http://en.wikipedia.org/wiki/Art_Bisch
Dan Gurney,American,http://en.wikipedia.org/wiki/Dan_Gurney
Innes Ireland,British,http://en.wikipedia.org/wiki/Innes_Ireland
Harry Blanchard,American,http://en.wikipedia.org/wiki/Harry_Blanchard
Fritz d'Orey,Brazilian,http://en.wikipedia.org/wiki/Fritz_d%27Orey
Chris Bristow,British,http://en.wikipedia.org/wiki/Chris_Bristow
Mário de Araújo Cabral,Portuguese,http://en.wikipedia.org/wiki/Mario_de_Araujo_Cabral
Colin Davis,British,http://en.wikipedia.org/wiki/Colin_Davis_(driver)
Henry Taylor,British,http://en.wikipedia.org/wiki/Henry_Taylor_(racing_driver)
Peter Ashdown,British,http://en.wikipedia.org/wiki/Peter_Ashdown
Chuck Arnold,American,http://en.wikipedia.org/wiki/Chuck_Arnold
Jim McWithey,American,http://en.wikipedia.org/wiki/Jim_McWithey
George Constantine,American,http://en.wikipedia.org/wiki/George_Constantine
Bob Said,American,http://en.wikipedia.org/wiki/Bob_Said
Phil Cade,American,http://en.wikipedia.org/wiki/Phil_Cade
Alain de Changy,Belgian,http://en.wikipedia.org/wiki/Alain_de_Changy
Lucien Bianchi,Belgian,http://en.wikipedia.org/wiki/Lucien_Bianchi
David Piper,British,http://en.wikipedia.org/wiki/David_Piper
Azdrubal Fontes,Uruguayan,http://en.wikipedia.org/wiki/Azdrubal_Fontes
Pete Lovely,American,http://en.wikipedia.org/wiki/Pete_Lovely
Jean Lucienbonnet,French,http://en.wikipedia.org/wiki/Jean_Lucienbonnet
Mike Taylor,British,http://en.wikipedia.org/wiki/Mike_Taylor_(driver)
Don Branson,American,http://en.wikipedia.org/wiki/Don_Branson
Keith Greene,British,http://en.wikipedia.org/wiki/Keith_Greene
Bobby Grim,American,http://en.wikipedia.org/wiki/Bobby_Grim
Bill Moss,British,http://en.wikipedia.org/wiki/Bill_Moss_(racing_driver)
Mike Parkes,British,http://en.wikipedia.org/wiki/Mike_Parkes
Dennis Taylor,British,http://en.wikipedia.org/wiki/Dennis_Taylor_(racing_driver)
Trevor Taylor,British,http://en.wikipedia.org/wiki/Trevor_Taylor
Tim Parnell,British,http://en.wikipedia.org/wiki/Tim_Parnell
Red Amick,American,http://en.wikipedia.org/wiki/Red_Amick
Richie Ginther,American,http://en.wikipedia.org/wiki/Richie_Ginther
Jim Clark,British,http://en.wikipedia.org/wiki/Jim_Clark
John Surtees,British,http://en.wikipedia.org/wiki/John_Surtees
Willy Mairesse,Belgian,http://en.wikipedia.org/wiki/Willy_Mairesse
Jim Hall,American,http://en.wikipedia.org/wiki/Jim_Hall_(race_car_driver)
Lloyd Ruby,American,http://en.wikipedia.org/wiki/Lloyd_Ruby
Piero Drogo,Italian,http://en.wikipedia.org/wiki/Piero_Drogo
Alberto Rodriguez Larreta,Argentine,http://en.wikipedia.org/wiki/Alberto_Rodriguez_Larreta
Bud Tingelstad,American,http://en.wikipedia.org/wiki/Bud_Tingelstad
Chuck Daigh,American,http://en.wikipedia.org/wiki/Chuck_Daigh
Fred Gamble,American,http://en.wikipedia.org/wiki/Fred_Gamble_(racing_driver)
Roberto Bonomi,Argentine,http://en.wikipedia.org/wiki/Roberto_Bonomi
Gino Munaron,Italian,http://en.wikipedia.org/wiki/Gino_Munaron
Bob Drake,American,http://en.wikipedia.org/wiki/Bob_Drake_(Formula_One)
Nasif Estéfano,Argentine,http://en.wikipedia.org/wiki/Nasif_Est%C3%A9fano
Jim Hurtubise,American,http://en.wikipedia.org/wiki/Jim_Hurtubise
Wayne Weiler,American,http://en.wikipedia.org/wiki/Wayne_Weiler
Alfonso Thiele,American-Italian,http://en.wikipedia.org/wiki/Alfonso_Thiele
Vic Wilson,British,http://en.wikipedia.org/wiki/Vic_Wilson_(motor_racing_driver)
Arthur Owen,British,http://en.wikipedia.org/wiki/Arthur_Owen
Lance Reventlow,American,http://en.wikipedia.org/wiki/Lance_Reventlow
Ettore Chimeri,Venezuelan,http://en.wikipedia.org/wiki/Ettore_Chimeri
Antonio Creus,Spanish,http://en.wikipedia.org/wiki/Antonio_Creus
Giancarlo Baghetti,Italian,http://en.wikipedia.org/wiki/Giancarlo_Baghetti
Jackie Lewis,British,http://en.wikipedia.org/wiki/Jackie_Lewis
Lorenzo Bandini,Italian,http://en.wikipedia.org/wiki/Lorenzo_Bandini
Roger Penske,American,http://en.wikipedia.org/wiki/Roger_Penske
Peter Ryan,Canadian,http://en.wikipedia.org/wiki/Peter_Ryan_(driver)
Hap Sharp,American,http://en.wikipedia.org/wiki/Hap_Sharp
Tony Maggs,South African,http://en.wikipedia.org/wiki/Tony_Maggs
Michael May,Swiss,http://en.wikipedia.org/wiki/Michael_May_(racing_driver)
Renato Pirocchi,Italian,http://en.wikipedia.org/wiki/Renato_Pirocchi
Gerry Ashmore,British,http://en.wikipedia.org/wiki/Gerry_Ashmore
Gaetano Starrabba,Italian,http://en.wikipedia.org/wiki/Gaetano_Starrabba
Ricardo Rodríguez,Mexican,http://en.wikipedia.org/wiki/Ricardo_Rodr%C3%ADguez_(Formula_One)
Walt Hansgen,American,http://en.wikipedia.org/wiki/Walt_Hansgen
Bernard Collomb,French,http://en.wikipedia.org/wiki/Bernard_Collomb
Nino Vaccarella,Italian,http://en.wikipedia.org/wiki/Nino_Vaccarella
Ken Miles,British,http://en.wikipedia.org/wiki/Ken_Miles
Juan Manuel Bordeu,Argentine,http://en.wikipedia.org/wiki/Juan_Manuel_Bordeu
Roberto Bussinello,Italian,http://en.wikipedia.org/wiki/Roberto_Bussinello
Massimo Natili,Italian,http://en.wikipedia.org/wiki/Massimo_Natili
Peter Monteverdi,Swiss,http://en.wikipedia.org/wiki/Peter_Monteverdi
Roberto Lippi,Italian,http://en.wikipedia.org/wiki/Roberto_Lippi
Geoff Duke,British,http://en.wikipedia.org/wiki/Geoff_Duke
John Campbell-Jones,British,http://en.wikipedia.org/wiki/John_Campbell-Jones
Ernesto Prinoth,Italian,http://en.wikipedia.org/wiki/Ernesto_Prinoth
Menato Boffa,Italian,http://en.wikipedia.org/wiki/Menato_Boffa
Neville Lederle,South African,http://en.wikipedia.org/wiki/Neville_Lederle
John Love,Rhodesian,http://en.wikipedia.org/wiki/John_Love_(racing_driver)
Bruce Johnstone,South African,http://en.wikipedia.org/wiki/Bruce_Johnstone_(racing_driver)
Jo Siffert,Swiss,http://en.wikipedia.org/wiki/Jo_Siffert
Ernie Pieterse,South African,http://en.wikipedia.org/wiki/Ernie_Pieterse
Rob Schroeder,British,http://en.wikipedia.org/wiki/Rob_Schroeder
Tony Settember,American,http://en.wikipedia.org/wiki/Tony_Settember
Heini Walter,Swiss,http://en.wikipedia.org/wiki/Heini_Walter
Jay Chamberlain,American,http://en.wikipedia.org/wiki/Jay_Chamberlain
Doug Serrurier,South African,http://en.wikipedia.org/wiki/Doug_Serrurier
Mike Harris,South African,http://en.wikipedia.org/wiki/Mike_Harris_(race_car_driver)
Timmy Mayer,American,http://en.wikipedia.org/wiki/Timmy_Mayer
Peter Arundell,British,http://en.wikipedia.org/wiki/Peter_Arundell
Gary Hocking,Rhodesian,http://en.wikipedia.org/wiki/Gary_Hocking
Syd van der Vyver,South African,http://en.wikipedia.org/wiki/Syd_van_der_Vyver
Ben Pon,Dutch,http://en.wikipedia.org/wiki/Ben_Pon
Tony Shelly,New Zealander,http://en.wikipedia.org/wiki/Tony_Shelly
Carlo Abate,Italian,http://en.wikipedia.org/wiki/Carlo_Mario_Abate
Rob Slotemaker,Dutch,http://en.wikipedia.org/wiki/Rob_Slotemaker
Sam Tingle,Rhodesian,http://en.wikipedia.org/wiki/Sam_Tingle
Heinz Schiller,Swiss,http://en.wikipedia.org/wiki/Heinz_Schiller
Günther Seiffert,German,http://en.wikipedia.org/wiki/G%C3%BCnther_Seiffert
Kurt Kuhnke,German,http://en.wikipedia.org/wiki/Kurt_Kuhnke
Gerhard Mitter,German,http://en.wikipedia.org/wiki/Gerhard_Mitter
Ludovico Scarfiotti,Italian,http://en.wikipedia.org/wiki/Ludovico_Scarfiotti
Chris Amon,New Zealander,http://en.wikipedia.org/wiki/Chris_Amon
Peter Broeker,Canadian,http://en.wikipedia.org/wiki/Peter_Broeker
Mike Hailwood,British,http://en.wikipedia.org/wiki/Mike_Hailwood
Moisés Solana,Mexican,http://en.wikipedia.org/wiki/Mois%C3%A9s_Solana
Bob Anderson,British,http://en.wikipedia.org/wiki/Bob_Anderson_(racing_driver)
Trevor Blokdyk,South African,http://en.wikipedia.org/wiki/Trevor_Blokdyk
Mike Spence,British,http://en.wikipedia.org/wiki/Mike_Spence
Brausch Niemann,South African,http://en.wikipedia.org/wiki/Brausch_Niemann
Pedro Rodríguez,Mexican,http://en.wikipedia.org/wiki/Pedro_Rodr%C3%ADguez_(racing_driver)
Peter de Klerk,South African,http://en.wikipedia.org/wiki/Peter_de_Klerk
David Prophet,British,http://en.wikipedia.org/wiki/David_Prophet
Ian Raby,British,http://en.wikipedia.org/wiki/Ian_Raby
Paddy Driver,South African,http://en.wikipedia.org/wiki/Paddy_Driver
Frank Dochnal,American,http://en.wikipedia.org/wiki/Frank_Dochnal
Ernie de Vos,Dutch,http://en.wikipedia.org/wiki/Ernie_de_Vos
Thomas Monarch,American,http://en.wikipedia.org/wiki/Talk:1963_Mexican_Grand_Prix#Who_was_Thomas_Monarch.3F
Ernesto Brambilla,Italian,http://en.wikipedia.org/wiki/Ernesto_Brambilla
Peter Revson,American,http://en.wikipedia.org/wiki/Peter_Revson
Ronnie Bucknum,American,http://en.wikipedia.org/wiki/Ronnie_Bucknum
John Taylor,British,http://en.wikipedia.org/wiki/John_Taylor_(racer)
Jochen Rindt,Austrian,http://en.wikipedia.org/wiki/Jochen_Rindt
Giacomo Russo,Italian,http://en.wikipedia.org/wiki/Geki_(driver)
Frank Gardner,Australian,http://en.wikipedia.org/wiki/Frank_Gardner_(driver)
Richard Attwood,British,http://en.wikipedia.org/wiki/Richard_Attwood
Jackie Stewart,British,http://en.wikipedia.org/wiki/Jackie_Stewart
Denny Hulme,New Zealander,http://en.wikipedia.org/wiki/Denny_Hulme
Paul Hawkins,Australian,http://en.wikipedia.org/wiki/Paul_Hawkins_(racing_driver)
Bob Bondurant,American,http://en.wikipedia.org/wiki/Bob_Bondurant
John Rhodes,British,http://en.wikipedia.org/wiki/John_Rhodes_(driver)
Alan Rollinson,British,http://en.wikipedia.org/wiki/Alan_Rollinson
Giorgio Bassi,Italian,http://en.wikipedia.org/wiki/Giorgio_Bassi
Brian Gubby,British,http://en.wikipedia.org/wiki/Brian_Gubby
Clive Puzey,Rhodesian,http://en.wikipedia.org/wiki/Clive_Puzey
Jackie Pretorius,South African,http://en.wikipedia.org/wiki/Jackie_Pretorius
Dave Charlton,South African,http://en.wikipedia.org/wiki/Dave_Charlton
Ray Reed,South African,http://en.wikipedia.org/wiki/Ray_Reed
David Clapham,South African,http://en.wikipedia.org/wiki/David_Clapham
Alex Blignaut,South African,http://en.wikipedia.org/wiki/Alex_Blignaut
Chris Irwin,British,http://en.wikipedia.org/wiki/Chris_Irwin
Guy Ligier,French,http://en.wikipedia.org/wiki/Guy_Ligier
Chris Lawrence,British,http://en.wikipedia.org/wiki/Chris_Lawrence_(racing_driver)
Jacky Ickx,Belgian,http://en.wikipedia.org/wiki/Jacky_Ickx
Jackie Oliver,British,http://en.wikipedia.org/wiki/Jackie_Oliver
Jean-Pierre Beltoise,French,http://en.wikipedia.org/wiki/Jean-Pierre_Beltoise
Alan Rees,British,http://en.wikipedia.org/wiki/Alan_Rees_(racing_driver)
David Hobbs,British,http://en.wikipedia.org/wiki/David_Hobbs_(racing_driver)
Jonathan Williams,British,http://en.wikipedia.org/wiki/Jonathan_Williams_(racing_driver)
Mike Fisher,American,http://en.wikipedia.org/wiki/Mike_Fisher_(driver)
Piers Courage,British,http://en.wikipedia.org/wiki/Piers_Courage
Luki Botha,South African,http://en.wikipedia.org/wiki/Luki_Botha
Brian Hart,British,http://en.wikipedia.org/wiki/Brian_Hart
Silvio Moser,Swiss,http://en.wikipedia.org/wiki/Silvio_Moser
Al Pease,Canadian,http://en.wikipedia.org/wiki/Al_Pease
Johnny Servoz-Gavin,French,http://en.wikipedia.org/wiki/Johnny_Servoz-Gavin
Hubert Hahne,German,http://en.wikipedia.org/wiki/Hubert_Hahne
Tom Jones,American,http://en.wikipedia.org/wiki/Tom_Jones_(auto_racer)
Kurt Ahrens,German,"http://en.wikipedia.org/wiki/Kurt_Ahrens,_Jr."
Jo Schlesser,French,http://en.wikipedia.org/wiki/Jo_Schlesser
Vic Elford,British,http://en.wikipedia.org/wiki/Vic_Elford
Brian Redman,British,http://en.wikipedia.org/wiki/Brian_Redman
Henri Pescarolo,French,http://en.wikipedia.org/wiki/Henri_Pescarolo
Robin Widdows,British,http://en.wikipedia.org/wiki/Robin_Widdows
Basil van Rooyen,South African,http://en.wikipedia.org/wiki/Basil_van_Rooyen
Bobby Unser,American,http://en.wikipedia.org/wiki/Bobby_Unser
Mario Andretti,American,http://en.wikipedia.org/wiki/Mario_Andretti
Bill Brack,Canadian,http://en.wikipedia.org/wiki/Bill_Brack
Derek Bell,British,http://en.wikipedia.org/wiki/Derek_Bell_(auto_racer)
Andrea de Adamich,Italian,http://en.wikipedia.org/wiki/Andrea_de_Adamich
John Miles,British,http://en.wikipedia.org/wiki/John_Miles_(auto_racer)
George Eaton,Canadian,http://en.wikipedia.org/wiki/George_Eaton
John Cordts,Canadian,http://en.wikipedia.org/wiki/John_Cordts
Clay Regazzoni,Swiss,http://en.wikipedia.org/wiki/Clay_Regazzoni
Emerson Fittipaldi,Brazilian,http://en.wikipedia.org/wiki/Emerson_Fittipaldi
Rolf Stommelen,German,http://en.wikipedia.org/wiki/Rolf_Stommelen
Reine Wisell,Swedish,http://en.wikipedia.org/wiki/Reine_Wisell
Ignazio Giunti,Italian,http://en.wikipedia.org/wiki/Ignazio_Giunti
François Cevert,French,http://en.wikipedia.org/wiki/Fran%C3%A7ois_Cevert
Peter Gethin,British,http://en.wikipedia.org/wiki/Peter_Gethin
Ronnie Peterson,Swedish,http://en.wikipedia.org/wiki/Ronnie_Peterson
Tim Schenken,Australian,http://en.wikipedia.org/wiki/Tim_Schenken
Gus Hutchison,American,http://en.wikipedia.org/wiki/Gus_Hutchison
Alex Soler-Roig,Spanish,http://en.wikipedia.org/wiki/Alex_Soler-Roig
Peter Westbury,British,http://en.wikipedia.org/wiki/Peter_Westbury
Nanni Galli,Italian,http://en.wikipedia.org/wiki/Nanni_Galli
Howden Ganley,New Zealander,http://en.wikipedia.org/wiki/Howden_Ganley
Mark Donohue,American,http://en.wikipedia.org/wiki/Mark_Donohue
Gijs van Lennep,Dutch,http://en.wikipedia.org/wiki/Gijs_Van_Lennep
Helmut Marko,Austrian,http://en.wikipedia.org/wiki/Helmut_Marko
François Mazet,French,http://en.wikipedia.org/wiki/Fran%C3%A7ois_Mazet
John Cannon,Canadian,http://en.wikipedia.org/wiki/John_Cannon_(auto_racer)
Jean-Pierre Jarier,French,http://en.wikipedia.org/wiki/Jean-Pierre_Jarier
Mike Beuttler,British,http://en.wikipedia.org/wiki/Mike_Beuttler
Skip Barber,American,http://en.wikipedia.org/wiki/Skip_Barber
Max Jean,French,http://en.wikipedia.org/wiki/Max_Jean
Niki Lauda,Austrian,http://en.wikipedia.org/wiki/Niki_Lauda
David Walker,Australian,http://en.wikipedia.org/wiki/David_Walker_(racing_driver)
Chris Craft,British,http://en.wikipedia.org/wiki/Chris_Craft_(racing_driver)
Sam Posey,American,http://en.wikipedia.org/wiki/Sam_Posey
Carlos Reutemann,Argentine,http://en.wikipedia.org/wiki/Carlos_Reutemann
Carlos Pace,Brazilian,http://en.wikipedia.org/wiki/Carlos_Pace
Arturo Merzario,Italian,http://en.wikipedia.org/wiki/Arturo_Merzario
Wilson Fittipaldi,Brazilian,http://en.wikipedia.org/wiki/Wilson_Fittipaldi
Patrick Depailler,French,http://en.wikipedia.org/wiki/Patrick_Depailler
Jody Scheckter,South African,http://en.wikipedia.org/wiki/Jody_Scheckter
François Migault,French,http://en.wikipedia.org/wiki/Fran%C3%A7ois_Migault
James Hunt,British,http://en.wikipedia.org/wiki/James_Hunt
George Follmer,American,http://en.wikipedia.org/wiki/George_Follmer
Jochen Mass,German,http://en.wikipedia.org/wiki/Jochen_Mass
David Purley,British,http://en.wikipedia.org/wiki/David_Purley
Luiz Bueno,Brazilian,http://en.wikipedia.org/wiki/Luiz_Bueno
Rikky von Opel,Liechtensteiner,http://en.wikipedia.org/wiki/Rikky_von_Opel
Eddie Keizan,South African,http://en.wikipedia.org/wiki/Eddie_Keizan
John Watson,British,http://en.wikipedia.org/wiki/John_Watson_(racing_driver)
Roger Williamson,British,http://en.wikipedia.org/wiki/Roger_Williamson
Graham McRae,New Zealander,http://en.wikipedia.org/wiki/Graham_McRae
Hans-Joachim Stuck,German,http://en.wikipedia.org/wiki/Hans_Joachim_Stuck
Tom Pryce,British,http://en.wikipedia.org/wiki/Tom_Pryce
Vittorio Brambilla,Italian,http://en.wikipedia.org/wiki/Vittorio_Brambilla
Guy Edwards,British,http://en.wikipedia.org/wiki/Guy_Edwards
Tom Belsø,Danish,http://en.wikipedia.org/wiki/Tom_Bels%C3%B8
Dieter Quester,Austrian,http://en.wikipedia.org/wiki/Dieter_Quester
Helmuth Koinigg,Austrian,http://en.wikipedia.org/wiki/Helmuth_Koinigg
Ian Scheckter,South African,http://en.wikipedia.org/wiki/Ian_Scheckter
Ian Ashley,British,http://en.wikipedia.org/wiki/Ian_Ashley
Richard Robarts,British,http://en.wikipedia.org/wiki/Richard_Robarts
Jacques Laffite,French,http://en.wikipedia.org/wiki/Jacques_Laffite
Vern Schuppan,Australian,http://en.wikipedia.org/wiki/Vern_Schuppan
Teddy Pilette,Belgian,http://en.wikipedia.org/wiki/Teddy_Pilette
Mike Wilds,British,http://en.wikipedia.org/wiki/Mike_Wilds
José Dolhem,French,http://en.wikipedia.org/wiki/Jos%C3%A9_Dolhem
Leo Kinnunen,Finnish,http://en.wikipedia.org/wiki/Leo_Kinnunen
Gérard Larrousse,French,http://en.wikipedia.org/wiki/G%C3%A9rard_Larrousse
Bertil Roos,Swedish,http://en.wikipedia.org/wiki/Bertil_Roos
Eppie Wietzes,Canadian,http://en.wikipedia.org/wiki/Eppie_Wietzes
Jean-Pierre Jabouille,French,http://en.wikipedia.org/wiki/Jean-Pierre_Jabouille
Carlo Facetti,Italian,http://en.wikipedia.org/wiki/Carlo_Facetti
Lella Lombardi,Italian,http://en.wikipedia.org/wiki/Lella_Lombardi
Larry Perkins,Australian,http://en.wikipedia.org/wiki/Larry_Perkins
John Nicholson,New Zealander,http://en.wikipedia.org/wiki/John_Nicholson_(racing_driver)
Alan Jones,Australian,http://en.wikipedia.org/wiki/Alan_Jones_(Formula_1)
Tony Brise,British,http://en.wikipedia.org/wiki/Tony_Brise
Harald Ertl,Austrian,http://en.wikipedia.org/wiki/Harald_Ertl
Bob Evans,British,http://en.wikipedia.org/wiki/Bob_Evans_(race_driver)
Brett Lunger,American,http://en.wikipedia.org/wiki/Brett_Lunger
Torsten Palm,Swedish,http://en.wikipedia.org/wiki/Torsten_Palm
Guy Tunmer,South African,http://en.wikipedia.org/wiki/Guy_Tunmer
Jim Crawford,British,http://en.wikipedia.org/wiki/Jim_Crawford_(driver)
Damien Magee,British,http://en.wikipedia.org/wiki/Damien_Magee
Renzo Zorzi,Italian,http://en.wikipedia.org/wiki/Renzo_Zorzi
Brian Henton,British,http://en.wikipedia.org/wiki/Brian_Henton
Dave Morgan,British,http://en.wikipedia.org/wiki/Dave_Morgan_(racing_driver)
Roelof Wunderink,Dutch,http://en.wikipedia.org/wiki/Roelof_Wunderink
Michel Leclère,French,http://en.wikipedia.org/wiki/Michel_Lecl%C3%A8re
Jo Vonlanthen,Swiss,http://en.wikipedia.org/wiki/Jo_Vonlanthen
Hiroshi Fushida,Japanese,http://en.wikipedia.org/wiki/Hiroshi_Fushida
Tony Trimmer,British,http://en.wikipedia.org/wiki/Tony_Trimmer
Gunnar Nilsson,Swedish,http://en.wikipedia.org/wiki/Gunnar_Nilsson
Noritake Takahara,Japanese,http://en.wikipedia.org/wiki/Noritake_Takahara
Alessandro Pesenti-Rossi,Italian,http://en.wikipedia.org/wiki/Alessandro_Pesenti-Rossi
Ingo Hoffmann,Brazilian,http://en.wikipedia.org/wiki/Ingo_Hoffmann
Masahiro Hasemi,Japanese,http://en.wikipedia.org/wiki/Masahiro_Hasemi
Loris Kessel,Swiss,http://en.wikipedia.org/wiki/Loris_Kessel
Alex Ribeiro,Brazilian,http://en.wikipedia.org/wiki/Alex_Ribeiro
Warwick Brown,Australian,http://en.wikipedia.org/wiki/Warwick_Brown
Patrick Nève,Belgian,http://en.wikipedia.org/wiki/Patrick_Neve
Hans Binder,Austrian,http://en.wikipedia.org/wiki/Hans_Binder
Boy Lunger,Dutch,http://en.wikipedia.org/wiki/Boy_Hayje
Kazuyoshi Hoshino,Japanese,http://en.wikipedia.org/wiki/Kazuyoshi_Hoshino
Conny Andersson,Swedish,http://en.wikipedia.org/wiki/Conny_Andersson_(racing_driver)
Otto Stuppacher,Austrian,http://en.wikipedia.org/wiki/Otto_Stuppacher
Jac Nelleman,Danish,http://en.wikipedia.org/wiki/Jac_Nelleman
Emilio Zapico,Spanish,http://en.wikipedia.org/wiki/Emilio_Zapico
Emilio de Villota,Spanish,http://en.wikipedia.org/wiki/Emilio_de_Villota
Divina Galica,British,http://en.wikipedia.org/wiki/Divina_Galica
Patrick Tambay,French,http://en.wikipedia.org/wiki/Patrick_Tambay
Riccardo Patrese,Italian,http://en.wikipedia.org/wiki/Riccardo_Patrese
Rupert Keegan,British,http://en.wikipedia.org/wiki/Rupert_Keegan
Danny Ongais,American,http://en.wikipedia.org/wiki/Danny_Ongais
Kunimitsu Takahashi,Japanese,http://en.wikipedia.org/wiki/Kunimitsu_Takahashi
Gilles Villeneuve,Canadian,http://en.wikipedia.org/wiki/Gilles_Villeneuve
Bruno Giacomelli,Italian,http://en.wikipedia.org/wiki/Bruno_Giacomelli
Hector Rebaque,Mexican,http://en.wikipedia.org/wiki/Hector_Rebaque
Hans Heyer,German,http://en.wikipedia.org/wiki/Hans_Heyer
Lamberto Leoni,Italian,http://en.wikipedia.org/wiki/Lamberto_Leoni
Bernard de Dryver,Belgian,http://en.wikipedia.org/wiki/Bernard_de_Dryver
Mikko Kozarowitzky,Finnish,http://en.wikipedia.org/wiki/Mikko_Kozarowitzky
Andy Sutcliffe,British,http://en.wikipedia.org/wiki/Andy_Sutcliffe
Michael Bleekemolen,Dutch,http://en.wikipedia.org/wiki/Michael_Bleekemolen
Giorgio Francia,Italian,http://en.wikipedia.org/wiki/Giorgio_Francia
Brian McGuire,Australian,http://en.wikipedia.org/wiki/Brian_McGuire
Didier Pironi,French,http://en.wikipedia.org/wiki/Didier_Pironi
Derek Daly,Irish,http://en.wikipedia.org/wiki/Derek_Daly
René Arnoux,French,http://en.wikipedia.org/wiki/Ren%C3%A9_Arnoux
Nelson Piquet,Brazilian,http://en.wikipedia.org/wiki/Nelson_Piquet
Keke Rosberg,Finnish,http://en.wikipedia.org/wiki/Keke_Rosberg
Bobby Rahal,American,http://en.wikipedia.org/wiki/Bobby_Rahal
Beppe Gabbiani,Italian,http://en.wikipedia.org/wiki/Beppe_Gabbiani
Eddie Cheever,American,http://en.wikipedia.org/wiki/Eddie_Cheever
Alberto Colombo,Italian,http://en.wikipedia.org/wiki/Alberto_Colombo
Carlo Franchi,Italian,http://en.wikipedia.org/wiki/Gimax
Geoff Lees,British,http://en.wikipedia.org/wiki/Geoff_Lees
Elio de Angelis,Italian,http://en.wikipedia.org/wiki/Elio_de_Angelis
Ricardo Zunino,Argentine,http://en.wikipedia.org/wiki/Ricardo_Zunino
Jan Lammers,Dutch,http://en.wikipedia.org/wiki/Jan_Lammers
Patrick Gaillard,French,http://en.wikipedia.org/wiki/Patrick_Gaillard
Marc Surer,Swiss,http://en.wikipedia.org/wiki/Marc_Surer
Gianfranco Brancatelli,Italian,http://en.wikipedia.org/wiki/Gianfranco_Brancatelli
Alain Prost,French,http://en.wikipedia.org/wiki/Alain_Prost
Nigel Mansell,British,http://en.wikipedia.org/wiki/Nigel_Mansell
Andrea de Cesaris,Italian,http://en.wikipedia.org/wiki/Andrea_de_Cesaris
Tiff Needell,British,http://en.wikipedia.org/wiki/Tiff_Needell
Mike Thackwell,New Zealander,http://en.wikipedia.org/wiki/Mike_Thackwell
Dave Kennedy,Irish,http://en.wikipedia.org/wiki/David_Kennedy_(racing_driver)
Stefan Johansson,Swedish,http://en.wikipedia.org/wiki/Stefan_Johansson
Manfred Winkelhock,German,http://en.wikipedia.org/wiki/Manfred_Winkelhock
Stephen South,British,http://en.wikipedia.org/wiki/Stephen_South
Desiré Wilson,South African,http://en.wikipedia.org/wiki/Desir%C3%A9_Wilson
Kevin Cogan,American,http://en.wikipedia.org/wiki/Kevin_Cogan
Slim Borgudd,Swedish,http://en.wikipedia.org/wiki/Slim_Borgudd
Eliseo Salazar,Chilean,http://en.wikipedia.org/wiki/Eliseo_Salazar
Siegfried Stohr,Italian,http://en.wikipedia.org/wiki/Siegfried_Stohr
Chico Serra,Brazilian,http://en.wikipedia.org/wiki/Chico_Serra
Michele Alboreto,Italian,http://en.wikipedia.org/wiki/Michele_Alboreto
Piercarlo Ghinzani,Italian,http://en.wikipedia.org/wiki/Piercarlo_Ghinzani
Derek Warwick,British,http://en.wikipedia.org/wiki/Derek_Warwick
Miguel Ángel Guerra,Argentine,http://en.wikipedia.org/wiki/Miguel_Angel_Guerra
Jacques Villeneuve Sr.,Canadian,http://en.wikipedia.org/wiki/Jacques_Villeneuve_(elder)
Ricardo Londoño,Colombian,http://en.wikipedia.org/wiki/Ricardo_Londo%C3%B1o
Mauro Baldi,Italian,http://en.wikipedia.org/wiki/Mauro_Baldi
Raul Boesel,Brazilian,http://en.wikipedia.org/wiki/Raul_Boesel
Roberto Guerrero,Colombian,http://en.wikipedia.org/wiki/Roberto_Guerrero
Teo Fabi,Italian,http://en.wikipedia.org/wiki/Teo_Fabi
Riccardo Paletti,Italian,http://en.wikipedia.org/wiki/Riccardo_Paletti
Tommy Byrne,Irish,http://en.wikipedia.org/wiki/Tommy_Byrne_%28racing_driver%29
Roberto Moreno,Brazilian,http://en.wikipedia.org/wiki/Roberto_Moreno
Danny Sullivan,American,http://en.wikipedia.org/wiki/Danny_Sullivan
Johnny Cecotto,Venezuelan,http://en.wikipedia.org/wiki/Johnny_Cecotto
Thierry Boutsen,Belgian,http://en.wikipedia.org/wiki/Thierry_Boutsen
Corrado Fabi,Italian,http://en.wikipedia.org/wiki/Corrado_Fabi
Kenny Acheson,British,http://en.wikipedia.org/wiki/Kenny_Acheson
Jonathan Palmer,British,http://en.wikipedia.org/wiki/Jonathan_Palmer
Jean-Louis Schlesser,French,http://en.wikipedia.org/wiki/Jean-Louis_Schlesser
Ayrton Senna,Brazilian,http://en.wikipedia.org/wiki/Ayrton_Senna
Jo Gartner,Austrian,http://en.wikipedia.org/wiki/Jo_Gartner
Gerhard Berger,Austrian,http://en.wikipedia.org/wiki/Gerhard_Berger
François Hesnault,French,http://en.wikipedia.org/wiki/Fran%C3%A7ois_Hesnault
Huub Rothengatter,Dutch,http://en.wikipedia.org/wiki/Huub_Rothengatter
Philippe Alliot,French,http://en.wikipedia.org/wiki/Philippe_Alliot
Martin Brundle,British,http://en.wikipedia.org/wiki/Martin_Brundle
Stefan Bellof,German,http://en.wikipedia.org/wiki/Stefan_Bellof
Philippe Streiff,French,http://en.wikipedia.org/wiki/Philippe_Streiff
Pierluigi Martini,Italian,http://en.wikipedia.org/wiki/Pierluigi_Martini
Ivan Capelli,Italian,http://en.wikipedia.org/wiki/Ivan_Capelli
Christian Danner,German,http://en.wikipedia.org/wiki/Christian_Danner
Johnny Dumfries,British,http://en.wikipedia.org/wiki/Johnny_Dumfries
Allen Berg,Canadian,http://en.wikipedia.org/wiki/Allen_Berg
Alessandro Nannini,Italian,http://en.wikipedia.org/wiki/Alessandro_Nannini
Alex Caffi,Italian,http://en.wikipedia.org/wiki/Alex_Caffi
Satoru Nakajima,Japanese,http://en.wikipedia.org/wiki/Satoru_Nakajima
Yannick Dalmas,French,http://en.wikipedia.org/wiki/Yannick_Dalmas
Pascal Fabre,French,http://en.wikipedia.org/wiki/Pascal_Fabre
Adrián Campos,Spanish,http://en.wikipedia.org/wiki/Adri%C3%A1n_Campos
Franco Forini,Swiss,http://en.wikipedia.org/wiki/Franco_Forini
Stefano Modena,Italian,http://en.wikipedia.org/wiki/Stefano_Modena
Gabriele Tarquini,Italian,http://en.wikipedia.org/wiki/Gabriele_Tarquini
Nicola Larini,Italian,http://en.wikipedia.org/wiki/Nicola_Larini
Maurício Gugelmin,Brazilian,http://en.wikipedia.org/wiki/Maur%C3%ADcio_Gugelmin
Luis Pérez-Sala,Spanish,http://en.wikipedia.org/wiki/Luis_Perez-Sala
Julian Bailey,British,http://en.wikipedia.org/wiki/Julian_Bailey
Bernd Schneider,German,http://en.wikipedia.org/wiki/Bernd_Schneider_(racecar_driver)
Oscar Larrauri,Argentine,http://en.wikipedia.org/wiki/Oscar_Larrauri
Aguri Suzuki,Japanese,http://en.wikipedia.org/wiki/Aguri_Suzuki
Pierre-Henri Raphanel,French,http://en.wikipedia.org/wiki/Pierre-Henri_Raphanel
Jean Alesi,French,http://en.wikipedia.org/wiki/Jean_Alesi
Johnny Herbert,British,http://en.wikipedia.org/wiki/Johnny_Herbert
Emanuele Pirro,Italian,http://en.wikipedia.org/wiki/Emanuele_Pirro
Olivier Grouillard,French,http://en.wikipedia.org/wiki/Olivier_Grouillard
Éric Bernard,French,http://en.wikipedia.org/wiki/%C3%89ric_Bernard
Bertrand Gachot,Belgian,http://en.wikipedia.org/wiki/Bertrand_Gachot
Martin Donnelly,British,http://en.wikipedia.org/wiki/Martin_Donnelly_(racing_driver)
Jyrki Järvilehto,Finnish,http://en.wikipedia.org/wiki/Jyrki_J%C3%A4rvilehto
Paolo Barilla,Italian,http://en.wikipedia.org/wiki/Paolo_Barilla
Gregor Foitek,Swiss,http://en.wikipedia.org/wiki/Gregor_Foitek
Volker Weidler,German,http://en.wikipedia.org/wiki/Volker_Weidler
Joachim Winkelhock,German,http://en.wikipedia.org/wiki/Joachim_Winkelhock
Enrico Bertaggia,Italian,http://en.wikipedia.org/wiki/Enrico_Bertaggia
Gianni Morbidelli,Italian,http://en.wikipedia.org/wiki/Gianni_Morbidelli
David Brabham,Australian,http://en.wikipedia.org/wiki/David_Brabham
Claudio Langes,Italian,http://en.wikipedia.org/wiki/Claudio_Langes
Gary Brabham,Australian,http://en.wikipedia.org/wiki/Gary_Brabham
Michael Schumacher,German,http://en.wikipedia.org/wiki/Michael_Schumacher
Mika Häkkinen,Finnish,http://en.wikipedia.org/wiki/Mika_H%C3%A4kkinen
Mark Blundell,British,http://en.wikipedia.org/wiki/Mark_Blundell
Érik Comas,French,http://en.wikipedia.org/wiki/%C3%89rik_Comas
Alessandro Zanardi,Italian,http://en.wikipedia.org/wiki/Alex_Zanardi
Eric van de Poele,Belgian,http://en.wikipedia.org/wiki/Eric_van_de_Poele
Karl Wendlinger,Austrian,http://en.wikipedia.org/wiki/Karl_Wendlinger
Fabrizio Barbazza,Italian,http://en.wikipedia.org/wiki/Fabrizio_Barbazza
Michael Bartels,German,http://en.wikipedia.org/wiki/Michael_Bartels
Naoki Hattori,Japanese,http://en.wikipedia.org/wiki/Naoki_Hattori
Pedro Chaves,Portuguese,http://en.wikipedia.org/wiki/Pedro_Chaves
Christian Fittipaldi,Brazilian,http://en.wikipedia.org/wiki/Christian_Fittipaldi
Ukyo Katayama,Japanese,http://en.wikipedia.org/wiki/Ukyo_Katayama
Paul Belmondo,French,http://en.wikipedia.org/wiki/Paul_Belmondo
Emanuele Naspetti,Italian,http://en.wikipedia.org/wiki/Emanuele_Naspetti
Damon Hill,British,http://en.wikipedia.org/wiki/Damon_Hill
Michael Andretti,American,http://en.wikipedia.org/wiki/Michael_Andretti
Rubens Barrichello,Brazilian,http://en.wikipedia.org/wiki/Rubens_Barrichello
Eddie Irvine,British,http://en.wikipedia.org/wiki/Eddie_Irvine
Luca Badoer,Italian,http://en.wikipedia.org/wiki/Luca_Badoer
Pedro Lamy,Portuguese,http://en.wikipedia.org/wiki/Pedro_Lamy
Toshio Suzuki,Japanese,http://en.wikipedia.org/wiki/Toshio_Suzuki_(driver)
David Coulthard,British,http://en.wikipedia.org/wiki/David_Coulthard
Jos Verstappen,Dutch,http://en.wikipedia.org/wiki/Jos_Verstappen
Olivier Panis,French,http://en.wikipedia.org/wiki/Olivier_Panis
Heinz-Harald Frentzen,German,http://en.wikipedia.org/wiki/Heinz-Harald_Frentzen
Olivier Beretta,Monegasque,http://en.wikipedia.org/wiki/Olivier_Beretta
Jean-Marc Gounon,French,http://en.wikipedia.org/wiki/Jean-Marc_Gounon
Mika Salo,Finnish,http://en.wikipedia.org/wiki/Mika_Salo
Franck Lagorce,French,http://en.wikipedia.org/wiki/Franck_Lagorce
Roland Ratzenberger,Austrian,http://en.wikipedia.org/wiki/Roland_Ratzenberger
Philippe Adams,Belgian,http://en.wikipedia.org/wiki/Philippe_Adams
Domenico Schiattarella,Italian,http://en.wikipedia.org/wiki/Domenico_Schiattarella
Jean-Denis Délétraz,Swiss,http://en.wikipedia.org/wiki/Jean-Denis_Deletraz
Hideki Noda,Japanese,http://en.wikipedia.org/wiki/Hideki_Noda
Taki Inoue,Japanese,http://en.wikipedia.org/wiki/Taki_Inoue
Andrea Montermini,Italian,http://en.wikipedia.org/wiki/Andrea_Montermini
Jean-Christophe Boullion,French,http://en.wikipedia.org/wiki/Jean-Christophe_Boullion
Pedro Diniz,Brazilian,http://en.wikipedia.org/wiki/Pedro_Diniz
Massimiliano Papis,Italian,http://en.wikipedia.org/wiki/Massimiliano_Papis
Jan Magnussen,Danish,http://en.wikipedia.org/wiki/Jan_Magnussen
Jacques Villeneuve,Canadian,http://en.wikipedia.org/wiki/Jacques_Villeneuve
Ricardo Rosset,Brazilian,http://en.wikipedia.org/wiki/Ricardo_Rosset
Giancarlo Fisichella,Italian,http://en.wikipedia.org/wiki/Giancarlo_Fisichella
Giovanni Lavaggi,Italian,http://en.wikipedia.org/wiki/Giovanni_Lavaggi
Ralf Schumacher,German,http://en.wikipedia.org/wiki/Ralf_Schumacher
Alexander Wurz,Austrian,http://en.wikipedia.org/wiki/Alexander_Wurz
Jarno Trulli,Italian,http://en.wikipedia.org/wiki/Jarno_Trulli
Shinji Nakano,Japanese,http://en.wikipedia.org/wiki/Shinji_Nakano
Norberto Fontana,Argentine,http://en.wikipedia.org/wiki/Norberto_Fontana
Tarso Marques,Brazilian,http://en.wikipedia.org/wiki/Tarso_Marques
Esteban Tuero,Argentine,http://en.wikipedia.org/wiki/Esteban_Tuero
Toranosuke Takagi,Japanese,http://en.wikipedia.org/wiki/Toranosuke_Takagi
Marc Gené,Spanish,http://en.wikipedia.org/wiki/Marc_Gen%C3%A9
Pedro de la Rosa,Spanish,http://en.wikipedia.org/wiki/Pedro_de_la_Rosa
Ricardo Zonta,Brazilian,http://en.wikipedia.org/wiki/Ricardo_Zonta
Jenson Button,British,http://en.wikipedia.org/wiki/Jenson_Button
Nick Heidfeld,German,http://en.wikipedia.org/wiki/Nick_Heidfeld
Gastón Mazzacane,Argentine,http://en.wikipedia.org/wiki/Gast%C3%B3n_Mazzacane
Luciano Burti,Brazilian,http://en.wikipedia.org/wiki/Luciano_Burti
Juan Pablo Montoya,Colombian,http://en.wikipedia.org/wiki/Juan_Pablo_Montoya
Kimi Räikkönen,Finnish,http://en.wikipedia.org/wiki/Kimi_R%C3%A4ikk%C3%B6nen
Enrique Bernoldi,Brazilian,http://en.wikipedia.org/wiki/Enrique_Bernoldi
Fernando Alonso,Spanish,http://en.wikipedia.org/wiki/Fernando_Alonso
Tomáš Enge,Czech,http://en.wikipedia.org/wiki/Tom%C3%A1%C5%A1_Enge
Alex Yoong,Malaysian,http://en.wikipedia.org/wiki/Alex_Yoong
Felipe Massa,Brazilian,http://en.wikipedia.org/wiki/Felipe_Massa
Takuma Sato,Japanese,http://en.wikipedia.org/wiki/Takuma_Sato
Mark Webber,Australian,http://en.wikipedia.org/wiki/Mark_Webber_(racing_driver)
Allan McNish,British,http://en.wikipedia.org/wiki/Allan_McNish
Cristiano da Matta,Brazilian,http://en.wikipedia.org/wiki/Cristiano_da_Matta
Ralph Firman,Irish,http://en.wikipedia.org/wiki/Ralph_Firman
Justin Wilson,British,http://en.wikipedia.org/wiki/Justin_Wilson_(racing_driver)
Antônio Pizzonia,Brazilian,http://en.wikipedia.org/wiki/Ant%C3%B4nio_Pizzonia
Nicolas Kiesa,Danish,http://en.wikipedia.org/wiki/Nicolas_Kiesa
Zsolt Baumgartner,Hungarian,http://en.wikipedia.org/wiki/Zsolt_Baumgartner
Christian Klien,Austrian,http://en.wikipedia.org/wiki/Christian_Klien
Timo Glock,German,http://en.wikipedia.org/wiki/Timo_Glock
Giorgio Pantano,Italian,http://en.wikipedia.org/wiki/Giorgio_Pantano
Gianmaria Bruni,Italian,http://en.wikipedia.org/wiki/Gianmaria_Bruni
Tiago Monteiro,Portuguese,http://en.wikipedia.org/wiki/Tiago_Monteiro
Narain Karthikeyan,Indian,http://en.wikipedia.org/wiki/Narain_Karthikeyan
Christijan Albers,Dutch,http://en.wikipedia.org/wiki/Christijan_Albers
Patrick Friesacher,Austrian,http://en.wikipedia.org/wiki/Patrick_Friesacher
Vitantonio Liuzzi,Italian,http://en.wikipedia.org/wiki/Vitantonio_Liuzzi
Robert Doornbos,Dutch,http://en.wikipedia.org/wiki/Robert_Doornbos
Anthony Davidson,British,http://en.wikipedia.org/wiki/Anthony_Davidson
Robert Kubica,Polish,http://en.wikipedia.org/wiki/Robert_Kubica
Nico Rosberg,German,http://en.wikipedia.org/wiki/Nico_Rosberg
Scott Speed,American,http://en.wikipedia.org/wiki/Scott_Speed
Yuji Ide,Japanese,http://en.wikipedia.org/wiki/Yuji_Ide
Sakon Yamamoto,Japanese,http://en.wikipedia.org/wiki/Sakon_Yamamoto
Franck Montagny,French,http://en.wikipedia.org/wiki/Franck_Montagny
Lewis Hamilton,British,http://en.wikipedia.org/wiki/Lewis_Hamilton
Heikki Kovalainen,Finnish,http://en.wikipedia.org/wiki/Heikki_Kovalainen
Sebastian Vettel,German,http://en.wikipedia.org/wiki/Sebastian_Vettel
Adrian Sutil,German,http://en.wikipedia.org/wiki/Adrian_Sutil
Kazuki Nakajima,Japanese,http://en.wikipedia.org/wiki/Kazuki_Nakajima
Nelson Piquet Jr.,Brazilian,"http://en.wikipedia.org/wiki/Nelson_Piquet,_Jr."
Sébastien Bourdais,French,http://en.wikipedia.org/wiki/S%C3%A9bastien_Bourdais
Sébastien Buemi,Swiss,http://en.wikipedia.org/wiki/S%C3%A9bastien_Buemi
Kamui Kobayashi,Japanese,http://en.wikipedia.org/wiki/Kamui_Kobayashi
Romain Grosjean,French,http://en.wikipedia.org/wiki/Romain_Grosjean
Jaime Alguersuari,Spanish,http://en.wikipedia.org/wiki/Jaime_Alguersuari
Vitaly Petrov,Russian,http://en.wikipedia.org/wiki/Vitaly_Petrov
Nico Hülkenberg,German,http://en.wikipedia.org/wiki/Nico_H%C3%BClkenberg
Karun Chandhok,Indian,http://en.wikipedia.org/wiki/Karun_Chandhok
Bruno Senna,Brazilian,http://en.wikipedia.org/wiki/Bruno_Senna
Lucas di Grassi,Brazilian,http://en.wikipedia.org/wiki/Lucas_di_Grassi
Paul di Resta,British,http://en.wikipedia.org/wiki/Paul_di_Resta
Sergio Pérez,Mexican,http://en.wikipedia.org/wiki/Sergio_P%C3%A9rez
Pastor Maldonado,Venezuelan,http://en.wikipedia.org/wiki/Pastor_Maldonado
Jérôme d'Ambrosio,Belgian,http://en.wikipedia.org/wiki/J%C3%A9r%C3%B4me_d%27Ambrosio
Daniel Ricciardo,Australian,http://en.wikipedia.org/wiki/Daniel_Ricciardo
Jean-Éric Vergne,French,http://en.wikipedia.org/wiki/Jean-%C3%89ric_Vergne
Charles Pic,French,http://en.wikipedia.org/wiki/Charles_Pic
Esteban Gutiérrez,Mexican,http://en.wikipedia.org/wiki/Esteban_Guti%C3%A9rrez
Valtteri Bottas,Finnish,http://en.wikipedia.org/wiki/Valtteri_Bottas
Jules Bianchi,French,http://en.wikipedia.org/wiki/Jules_Bianchi
Giedo van der Garde,Dutch,http://en.wikipedia.org/wiki/Giedo_van_der_Garde
Max Chilton,British,http://en.wikipedia.org/wiki/Max_Chilton
Kevin Magnussen,Danish,http://en.wikipedia.org/wiki/Kevin_Magnussen
Daniil Kvyat,Russian,http://en.wikipedia.org/wiki/Daniil_Kvyat
Marcus Ericsson,Swedish,http://en.wikipedia.org/wiki/Marcus_Ericsson
Will Stevens,British,http://en.wikipedia.org/wiki/Will_Stevens
André Lotterer,German,http://en.wikipedia.org/wiki/Andr%C3%A9_Lotterer
Max Verstappen,Dutch,http://en.wikipedia.org/wiki/Max_Verstappen
Felipe Nasr,Brazilian,http://en.wikipedia.org/wiki/Felipe_Nasr
Carlos Sainz,Spanish,http://en.wikipedia.org/wiki/Carlos_Sainz_Jr.
Roberto Merhi,Spanish,http://en.wikipedia.org/wiki/Roberto_Merhi
Alexander Rossi,American,http://en.wikipedia.org/wiki/Alexander_Rossi_%28racing_driver%29
Jolyon Palmer,British,http://en.wikipedia.org/wiki/Jolyon_Palmer
Pascal Wehrlein,German,http://en.wikipedia.org/wiki/Pascal_Wehrlein
Stoffel Vandoorne,Belgian,http://en.wikipedia.org/wiki/Stoffel_Vandoorne
Esteban Ocon,French,http://en.wikipedia.org/wiki/Esteban_Ocon
Rio Haryanto,Indonesian,http://en.wikipedia.org/wiki/Rio_Haryanto
Lance Stroll,Canadian,http://en.wikipedia.org/wiki/Lance_Stroll
Pierre Gasly,French,http://en.wikipedia.org/wiki/Pierre_Gasly
Antonio Giovinazzi,Italian,http://en.wikipedia.org/wiki/Antonio_Giovinazzi
Brendon Hartley,New Zealander,http://en.wikipedia.org/wiki/Brendon_Hartley
Charles Leclerc,Monegasque,http://en.wikipedia.org/wiki/Charles_Leclerc
Sergey Sirotkin,Russian,http://en.wikipedia.org/wiki/Sergey_Sirotkin_(racing_driver)
Alexander Albon,Thai,http://en.wikipedia.org/wiki/Alexander_Albon
Lando Norris,British,http://en.wikipedia.org/wiki/Lando_Norris
George Russell,British,http://en.wikipedia.org/wiki/George_Russell_%28racing_driver%29
Nicholas Latifi,Canadian,http://en.wikipedia.org/wiki/Nicholas_Latifi
Jack Aitken,British,http://en.wikipedia.org/wiki/Jack_Aitken
Pietro Fittipaldi,Brazilian,http://en.wikipedia.org/wiki/Pietro_Fittipaldi
Yuki Tsunoda,Japanese,http://en.wikipedia.org/wiki/Yuki_Tsunoda
Mick Schumacher,German,http://en.wikipedia.org/wiki/Mick_Schumacher
Nikita Mazepin,Russian,http://en.wikipedia.org/wiki/Nikita_Mazepin
